{
  "hidden_layers": 3,
  "hidden_size": 256,
  "dropout": 0.48127940130703367,
  "lr": 0.00012116016880968221,
  "weight_decay": 3.729639892860707e-06,
  "batch_size": 256,
  "activation": "GELU"
}