{
  "n_estimators": 852,
  "learning_rate": 0.03133695822157537,
  "num_leaves": 68,
  "max_depth": 8,
  "min_child_samples": 98,
  "subsample": 0.8896864522591892,
  "colsample_bytree": 0.5567484559396865,
  "reg_alpha": 4.559599725144069,
  "reg_lambda": 7.036797585981464
}