{
  "depth": 6,
  "learning_rate": 0.033345262293239974,
  "iterations": 755,
  "l2_leaf_reg": 1.561312453343601,
  "bagging_temperature": 0.7399463323519899
}