{
  "best_config": {
    "config_id": 10,
    "total_configs": 16,
    "hidden_sizes": [
      512,
      256,
      128
    ],
    "lr": 0.0005,
    "batch_size": 256,
    "dropout": 0.2,
    "weight_decay": 0.0001
  },
  "best_val_r2_mean": 0.19861296372967832,
  "test_r2_mean": 0.12744212863876972,
  "test_metrics": {
    "r2_tiny": 0.10342322707898677,
    "r2_base": 0.11400700633033034,
    "r2_small": 0.16489615250699208,
    "r2_mean": 0.12744212863876972
  }
}