{
  "n_estimators": 168,
  "learning_rate": 0.022581065956161352,
  "num_leaves": 38,
  "max_depth": 10,
  "min_child_samples": 27,
  "subsample": 0.5205507332405096,
  "colsample_bytree": 0.5712953093239741,
  "reg_alpha": 0.02580017681029929,
  "reg_lambda": 0.018436068415797292
}